{"assets/images/WatchAds.png":["assets/images/WatchAds.png"],"assets/images/bitearn.png":["assets/images/bitearn.png"],"assets/images/boardone.png":["assets/images/boardone.png"],"assets/images/boardthree.png":["assets/images/boardthree.png"],"assets/images/boardtwo.png":["assets/images/boardtwo.png"],"assets/images/captcha.png":["assets/images/captcha.png"],"assets/images/coin.png":["assets/images/coin.png"],"assets/images/d1.png":["assets/images/d1.png"],"assets/images/d2.png":["assets/images/d2.png"],"assets/images/d3.png":["assets/images/d3.png"],"assets/images/d4.png":["assets/images/d4.png"],"assets/images/d5.png":["assets/images/d5.png"],"assets/images/d6.png":["assets/images/d6.png"],"assets/images/dice.png":["assets/images/dice.png"],"assets/images/email.png":["assets/images/email.png"],"assets/images/gift.png":["assets/images/gift.png"],"assets/images/guess.png":["assets/images/guess.png"],"assets/images/login.png":["assets/images/login.png"],"assets/images/rank.png":["assets/images/rank.png"],"assets/images/scratches.png":["assets/images/scratches.png"],"assets/images/sct.PNG":["assets/images/sct.PNG"],"assets/images/signup.png":["assets/images/signup.png"],"assets/images/star.png":["assets/images/star.png"],"assets/images/trophy.png":["assets/images/trophy.png"],"packages/cupertino_icons/assets/CupertinoIcons.ttf":["packages/cupertino_icons/assets/CupertinoIcons.ttf"],"packages/fluttertoast/assets/toastify.css":["packages/fluttertoast/assets/toastify.css"],"packages/fluttertoast/assets/toastify.js":["packages/fluttertoast/assets/toastify.js"]}